# ECP5-5G caBGA381 Pin Migration,,,,,,,,,,,,,,,,,,,,,,
# Revision 0.0,,,,,,,,,,,,,,,,,,,,,,
"# Revised Feb. 23, 2016",,,,,,,,,,,,,,,,,,,,,,
,,,,,,,,,,,,,,,,,,,,,,
LFE5UM5G-25,,,,,,,,LFE5UM5G-45,,,,,,,,LFE5UM5G-85,,,,,,
Pin Number,Pin Function,Bank,Dual Function,Differential,True LVDS,DQS,,Pin Number,Pin Function,Bank,Dual Function,Differential,True LVDS,DQS,,Pin Number,Pin Function,Bank,Dual Function,Differential,True LVDS,DQS
A2,PL14A,7,-,True_OF_PL14B,TRUE,LDQ20,,A2,PL23A,7,-,True_OF_PL23B,TRUE,LDQ29,,A2,PL35A,7,-,True_OF_PL35B,TRUE,LDQ41
A3,PL5C,7,-,True_OF_PL5D,-,LDQ8,,A3,PL14C,7,-,True_OF_PL14D,-,LDQ17,,A3,PL14C,7,-,True_OF_PL14D,-,LDQ17
A4,PL2A,7,-,True_OF_PL2B,TRUE,LDQ8,,A4,PL11A,7,ULC_GPLL0T_IN,True_OF_PL11B,TRUE,LDQ17,,A4,PL11A,7,ULC_GPLL0T_IN,True_OF_PL11B,TRUE,LDQ17
A5,PL2B,7,-,Comp_OF_PL2A,TRUE,LDQ8,,A5,PL11B,7,ULC_GPLL0C_IN,Comp_OF_PL11A,TRUE,LDQ17,,A5,PL11B,7,ULC_GPLL0C_IN,Comp_OF_PL11A,TRUE,LDQ17
A6,PT4A,0,-,True_OF_PT4B,-,-,,A6,PT4A,0,ULC_GPLL1T_IN,True_OF_PT4B,-,-,,A6,PT4A,0,ULC_GPLL1T_IN,True_OF_PT4B,-,-
A7,PT18A,0,-,True_OF_PT18B,-,-,,A7,PT18A,0,-,True_OF_PT18B,-,-,,A7,PT18A,0,-,True_OF_PT18B,-,-
A8,PT18B,0,-,Comp_OF_PT18A,-,-,,A8,PT18B,0,-,Comp_OF_PT18A,-,-,,A8,PT18B,0,-,Comp_OF_PT18A,-,-
A9,PT24A,0,GR_PCLK0_1,True_OF_PT24B,-,-,,A9,PT33A,0,GR_PCLK0_1,True_OF_PT33B,-,-,,A9,PT60A,0,GR_PCLK0_1,True_OF_PT60B,-,-
A10,PT27A,0,PCLKT0_1,True_OF_PT27B,-,-,,A10,PT36A,0,PCLKT0_1,True_OF_PT36B,-,-,,A10,PT63A,0,PCLKT0_1,True_OF_PT63B,-,-
A11,PT27B,0,PCLKC0_1,Comp_OF_PT27A,-,-,,A11,PT36B,0,PCLKC0_1,Comp_OF_PT36A,-,-,,A11,PT63B,0,PCLKC0_1,Comp_OF_PT63A,-,-
A12,PT40A,1,-,True_OF_PT40B,-,-,,A12,PT49A,1,-,True_OF_PT49B,-,-,,A12,PT76A,1,-,True_OF_PT76B,-,-
A13,PT40B,1,-,Comp_OF_PT40A,-,-,,A13,PT49B,1,-,Comp_OF_PT49A,-,-,,A13,PT76B,1,-,Comp_OF_PT76A,-,-
A14,PT47A,1,-,True_OF_PT47B,-,-,,A14,PT56A,1,-,True_OF_PT56B,-,-,,A14,PT83A,1,-,True_OF_PT83B,-,-
A15,NC,-,-,-,-,-,,A15,PT67A,1,-,True_OF_PT67B,-,-,,A15,PT103A,1,-,True_OF_PT103B,-,-
A16,PT56A,1,-,True_OF_PT56B,-,-,,A16,PT74A,1,-,True_OF_PT74B,-,-,,A16,PT110A,1,-,True_OF_PT110B,-,-
A17,PT62A,1,-,True_OF_PT62B,-,-,,A17,PT80A,1,-,True_OF_PT80B,-,-,,A17,PT116A,1,-,True_OF_PT116B,-,-
A18,PT65A,1,-,True_OF_PT65B,-,-,,A18,PT83A,1,-,True_OF_PT83B,-,-,,A18,PT119A,1,-,True_OF_PT119B,-,-
A19,PT67A,1,-,True_OF_PT67B,-,-,,A19,PT85A,1,URC_GPLL1T_IN,True_OF_PT85B,-,-,,A19,PT121A,1,URC_GPLL1T_IN,True_OF_PT121B,-,-
B1,PL14B,7,-,Comp_OF_PL14A,TRUE,LDQ20,,B1,PL23B,7,-,Comp_OF_PL23A,TRUE,LDQ29,,B1,PL35B,7,-,Comp_OF_PL35A,TRUE,LDQ41
B2,PL14C,7,VREF1_7,True_OF_PL14D,-,LDQ20,,B2,PL23C,7,VREF1_7,True_OF_PL23D,-,LDQ29,,B2,PL35C,7,VREF1_7,True_OF_PL35D,-,LDQ41
B3,PL5D,7,-,Comp_OF_PL5C,-,LDQ8,,B3,PL14D,7,-,Comp_OF_PL14C,-,LDQ17,,B3,PL14D,7,-,Comp_OF_PL14C,-,LDQ17
B4,PL5B,7,-,Comp_OF_PL5A,TRUE,LDQ8,,B4,PL14B,7,-,Comp_OF_PL14A,TRUE,LDQ17,,B4,PL14B,7,-,Comp_OF_PL14A,TRUE,LDQ17
B5,PL2C,7,-,True_OF_PL2D,-,LDQ8,,B5,PL11C,7,-,True_OF_PL11D,-,LDQ17,,B5,PL11C,7,-,True_OF_PL11D,-,LDQ17
B6,PT4B,0,-,Comp_OF_PT4A,-,-,,B6,PT4B,0,ULC_GPLL1C_IN,Comp_OF_PT4A,-,-,,B6,PT4B,0,ULC_GPLL1C_IN,Comp_OF_PT4A,-,-
B7,GND,-,-,-,-,-,,B7,GND,-,-,-,-,-,,B7,GND,-,-,-,-,-
B8,PT15B,0,-,Comp_OF_PT15A,-,-,,B8,PT15B,0,-,Comp_OF_PT15A,-,-,,B8,PT15B,0,-,Comp_OF_PT15A,-,-
B9,PT22A,0,-,True_OF_PT22B,-,-,,B9,PT31A,0,-,True_OF_PT31B,-,-,,B9,PT58A,0,-,True_OF_PT58B,-,-
B10,PT24B,0,GR_PCLK0_0,Comp_OF_PT24A,-,-,,B10,PT33B,0,GR_PCLK0_0,Comp_OF_PT33A,-,-,,B10,PT60B,0,GR_PCLK0_0,Comp_OF_PT60A,-,-
B11,PT29A,0,PCLKT0_0,True_OF_PT29B,-,-,,B11,PT38A,0,PCLKT0_0,True_OF_PT38B,-,-,,B11,PT65A,0,PCLKT0_0,True_OF_PT65B,-,-
B12,PT35A,1,PCLKT1_0,True_OF_PT35B,-,-,,B12,PT44A,1,PCLKT1_0,True_OF_PT44B,-,-,,B12,PT71A,1,PCLKT1_0,True_OF_PT71B,-,-
B13,PT42A,1,-,True_OF_PT42B,-,-,,B13,PT51A,1,-,True_OF_PT51B,-,-,,B13,PT78A,1,-,True_OF_PT78B,-,-
B14,GND,-,-,-,-,-,,B14,GND,-,-,-,-,-,,B14,GND,-,-,-,-,-
B15,PT51A,1,-,True_OF_PT51B,-,-,,B15,PT69A,1,-,True_OF_PT69B,-,-,,B15,PT105A,1,-,True_OF_PT105B,-,-
B16,PT56B,1,-,Comp_OF_PT56A,-,-,,B16,PT74B,1,-,Comp_OF_PT74A,-,-,,B16,PT110B,1,-,Comp_OF_PT110A,-,-
B17,PT60A,1,-,True_OF_PT60B,-,-,,B17,PT78A,1,-,True_OF_PT78B,-,-,,B17,PT114A,1,-,True_OF_PT114B,-,-
B18,PT62B,1,-,Comp_OF_PT62A,-,-,,B18,PT80B,1,-,Comp_OF_PT80A,-,-,,B18,PT116B,1,-,Comp_OF_PT116A,-,-
B19,PT65B,1,-,Comp_OF_PT65A,-,-,,B19,PT83B,1,-,Comp_OF_PT83A,-,-,,B19,PT119B,1,-,Comp_OF_PT119A,-,-
B20,PT67B,1,-,Comp_OF_PT67A,-,-,,B20,PT85B,1,URC_GPLL1C_IN,Comp_OF_PT85A,-,-,,B20,PT121B,1,URC_GPLL1C_IN,Comp_OF_PT121A,-,-
C1,PL17A,7,-,True_OF_PL17B,TRUE,LDQ20,,C1,PL26A,7,-,True_OF_PL26B,TRUE,LDQ29,,C1,PL38A,7,-,True_OF_PL38B,TRUE,LDQ41
C2,PL14D,7,-,Comp_OF_PL14C,-,LDQ20,,C2,PL23D,7,-,Comp_OF_PL23C,-,LDQ29,,C2,PL35D,7,-,Comp_OF_PL35C,-,LDQ41
C3,PL8C,7,-,True_OF_PL8D,-,LDQ8,,C3,PL17C,7,-,True_OF_PL17D,-,LDQ17,,C3,PL17C,7,-,True_OF_PL17D,-,LDQ17
C4,PL5A,7,-,True_OF_PL5B,TRUE,LDQ8,,C4,PL14A,7,-,True_OF_PL14B,TRUE,LDQ17,,C4,PL14A,7,-,True_OF_PL14B,TRUE,LDQ17
C5,PL2D,7,-,Comp_OF_PL2C,-,LDQ8,,C5,PL11D,7,-,Comp_OF_PL11C,-,LDQ17,,C5,PL11D,7,-,Comp_OF_PL11C,-,LDQ17
C6,PT11A,0,-,True_OF_PT11B,-,-,,C6,PT11A,0,-,True_OF_PT11B,-,-,,C6,PT11A,0,-,True_OF_PT11B,-,-
C7,PT11B,0,-,Comp_OF_PT11A,-,-,,C7,PT11B,0,-,Comp_OF_PT11A,-,-,,C7,PT11B,0,-,Comp_OF_PT11A,-,-
C8,PT15A,0,-,True_OF_PT15B,-,-,,C8,PT15A,0,-,True_OF_PT15B,-,-,,C8,PT15A,0,-,True_OF_PT15B,-,-
C9,NC,-,-,-,-,-,,C9,PT27A,0,-,True_OF_PT27B,-,-,,C9,PT54A,0,-,True_OF_PT54B,-,-
C10,PT22B,0,-,Comp_OF_PT22A,-,-,,C10,PT31B,0,-,Comp_OF_PT31A,-,-,,C10,PT58B,0,-,Comp_OF_PT58A,-,-
C11,PT29B,0,PCLKC0_0,Comp_OF_PT29A,-,-,,C11,PT38B,0,PCLKC0_0,Comp_OF_PT38A,-,-,,C11,PT65B,0,PCLKC0_0,Comp_OF_PT65A,-,-
C12,PT35B,1,PCLKC1_0,Comp_OF_PT35A,-,-,,C12,PT44B,1,PCLKC1_0,Comp_OF_PT44A,-,-,,C12,PT71B,1,PCLKC1_0,Comp_OF_PT71A,-,-
C13,PT42B,1,-,Comp_OF_PT42A,-,-,,C13,PT51B,1,-,Comp_OF_PT51A,-,-,,C13,PT78B,1,-,Comp_OF_PT78A,-,-
C14,PT47B,1,-,Comp_OF_PT47A,-,-,,C14,PT56B,1,-,Comp_OF_PT56A,-,-,,C14,PT83B,1,-,Comp_OF_PT83A,-,-
C15,PT51B,1,-,Comp_OF_PT51A,-,-,,C15,PT69B,1,-,Comp_OF_PT69A,-,-,,C15,PT105B,1,-,Comp_OF_PT105A,-,-
C16,PT58A,1,-,True_OF_PT58B,-,-,,C16,PT76A,1,-,True_OF_PT76B,-,-,,C16,PT112A,1,-,True_OF_PT112B,-,-
C17,PT60B,1,-,Comp_OF_PT60A,-,-,,C17,PT78B,1,-,Comp_OF_PT78A,-,-,,C17,PT114B,1,-,Comp_OF_PT114A,-,-
C18,PR2A,2,-,True_OF_PR2B,TRUE,RDQ8,,C18,PR11A,2,URC_GPLL0T_IN,True_OF_PR11B,TRUE,RDQ17,,C18,PR11A,2,URC_GPLL0T_IN,True_OF_PR11B,TRUE,RDQ17
C19,GND,-,-,-,-,-,,C19,GND,-,-,-,-,-,,C19,GND,-,-,-,-,-
C20,PR14A,2,-,True_OF_PR14B,TRUE,RDQ20,,C20,PR23A,2,-,True_OF_PR23B,TRUE,RDQ29,,C20,PR35A,2,-,True_OF_PR35B,TRUE,RDQ41
D1,PL17B,7,-,Comp_OF_PL17A,TRUE,LDQ20,,D1,PL26B,7,-,Comp_OF_PL26A,TRUE,LDQ29,,D1,PL38B,7,-,Comp_OF_PL38A,TRUE,LDQ41
D2,PL17C,7,-,True_OF_PL17D,-,LDQ20,,D2,PL26C,7,-,True_OF_PL26D,-,LDQ29,,D2,PL38C,7,-,True_OF_PL38D,-,LDQ41
D3,PL8D,7,-,Comp_OF_PL8C,-,LDQ8,,D3,PL17D,7,-,Comp_OF_PL17C,-,LDQ17,,D3,PL17D,7,-,Comp_OF_PL17C,-,LDQ17
D4,GND,-,-,-,-,-,,D4,GND,-,-,-,-,-,,D4,GND,-,-,-,-,-
D5,PL8B,7,-,Comp_OF_PL8A,TRUE,LDQSN8,,D5,PL17B,7,-,Comp_OF_PL17A,TRUE,LDQSN17,,D5,PL17B,7,-,Comp_OF_PL17A,TRUE,LDQSN17
D6,PT6B,0,-,Comp_OF_PT6A,-,-,,D6,PT6B,0,-,Comp_OF_PT6A,-,-,,D6,PT6B,0,-,Comp_OF_PT6A,-,-
D7,PT9B,0,-,Comp_OF_PT9A,-,-,,D7,PT9B,0,-,Comp_OF_PT9A,-,-,,D7,PT9B,0,-,Comp_OF_PT9A,-,-
D8,PT13B,0,-,Comp_OF_PT13A,-,-,,D8,PT13B,0,-,Comp_OF_PT13A,-,-,,D8,PT13B,0,-,Comp_OF_PT13A,-,-
D9,PT20A,0,-,True_OF_PT20B,-,-,,D9,PT20A,0,-,True_OF_PT20B,-,-,,D9,PT20A,0,-,True_OF_PT20B,-,-
D10,NC,-,-,-,-,-,,D10,PT29A,0,-,True_OF_PT29B,-,-,,D10,PT56A,0,-,True_OF_PT56B,-,-
D11,PT33A,1,PCLKT1_1,True_OF_PT33B,-,-,,D11,PT42A,1,PCLKT1_1,True_OF_PT42B,-,-,,D11,PT69A,1,PCLKT1_1,True_OF_PT69B,-,-
D12,PT38A,1,GR_PCLK1_0,True_OF_PT38B,-,-,,D12,PT47A,1,GR_PCLK1_0,True_OF_PT47B,-,-,,D12,PT74A,1,GR_PCLK1_0,True_OF_PT74B,-,-
D13,PT44A,1,-,True_OF_PT44B,-,-,,D13,PT53A,1,-,True_OF_PT53B,-,-,,D13,PT80A,1,-,True_OF_PT80B,-,-
D14,PT49A,1,-,True_OF_PT49B,-,-,,D14,PT58A,1,-,True_OF_PT58B,-,-,,D14,PT85A,1,-,True_OF_PT85B,-,-
D15,PT53A,1,-,True_OF_PT53B,-,-,,D15,PT71A,1,-,True_OF_PT71B,-,-,,D15,PT107A,1,-,True_OF_PT107B,-,-
D16,PT58B,1,-,Comp_OF_PT58A,-,-,,D16,PT76B,1,-,Comp_OF_PT76A,-,-,,D16,PT112B,1,-,Comp_OF_PT112A,-,-
D17,PR2B,2,S0_IN,Comp_OF_PR2A,TRUE,RDQ8,,D17,PR11B,2,URC_GPLL0C_IN,Comp_OF_PR11A,TRUE,RDQ17,,D17,PR11B,2,URC_GPLL0C_IN,Comp_OF_PR11A,TRUE,RDQ17
D18,PR5A,2,-,True_OF_PR5B,TRUE,RDQ8,,D18,PR14A,2,-,True_OF_PR14B,TRUE,RDQ17,,D18,PR14A,2,-,True_OF_PR14B,TRUE,RDQ17
D19,PR14B,2,-,Comp_OF_PR14A,TRUE,RDQ20,,D19,PR23B,2,-,Comp_OF_PR23A,TRUE,RDQ29,,D19,PR35B,2,-,Comp_OF_PR35A,TRUE,RDQ41
D20,PR14C,2,VREF1_2,True_OF_PR14D,-,RDQ20,,D20,PR23C,2,VREF1_2,True_OF_PR23D,-,RDQ29,,D20,PR35C,2,VREF1_2,True_OF_PR35D,-,RDQ41
E1,PL17D,7,-,Comp_OF_PL17C,-,LDQ20,,E1,PL26D,7,-,Comp_OF_PL26C,-,LDQ29,,E1,PL38D,7,-,Comp_OF_PL38C,-,LDQ41
E2,PL23D,7,PCLKC7_0,Comp_OF_PL23C,-,LDQ20,,E2,PL32D,7,PCLKC7_0,Comp_OF_PL32C,-,LDQ29,,E2,PL44D,7,PCLKC7_0,Comp_OF_PL44C,-,LDQ41
E3,PL11B,7,-,Comp_OF_PL11A,TRUE,LDQ8,,E3,PL20B,7,-,Comp_OF_PL20A,TRUE,LDQ17,,E3,PL20B,7,-,Comp_OF_PL20A,TRUE,LDQ17
E4,PL8A,7,-,True_OF_PL8B,TRUE,LDQS8,,E4,PL17A,7,-,True_OF_PL17B,TRUE,LDQS17,,E4,PL17A,7,-,True_OF_PL17B,TRUE,LDQS17
E5,PL11C,7,-,True_OF_PL11D,-,LDQ8,,E5,PL20C,7,-,True_OF_PL20D,-,LDQ17,,E5,PL20C,7,-,True_OF_PL20D,-,LDQ17
E6,PT6A,0,-,True_OF_PT6B,-,-,,E6,PT6A,0,-,True_OF_PT6B,-,-,,E6,PT6A,0,-,True_OF_PT6B,-,-
E7,PT9A,0,-,True_OF_PT9B,-,-,,E7,PT9A,0,-,True_OF_PT9B,-,-,,E7,PT9A,0,-,True_OF_PT9B,-,-
E8,PT13A,0,-,True_OF_PT13B,-,-,,E8,PT13A,0,-,True_OF_PT13B,-,-,,E8,PT13A,0,-,True_OF_PT13B,-,-
E9,PT20B,0,-,Comp_OF_PT20A,-,-,,E9,PT20B,0,-,Comp_OF_PT20A,-,-,,E9,PT20B,0,-,Comp_OF_PT20A,-,-
E10,NC,-,-,-,-,-,,E10,PT29B,0,-,Comp_OF_PT29A,-,-,,E10,PT56B,0,-,Comp_OF_PT56A,-,-
E11,PT33B,1,PCLKC1_1,Comp_OF_PT33A,-,-,,E11,PT42B,1,PCLKC1_1,Comp_OF_PT42A,-,-,,E11,PT69B,1,PCLKC1_1,Comp_OF_PT69A,-,-
E12,PT38B,1,GR_PCLK1_1,Comp_OF_PT38A,-,-,,E12,PT47B,1,GR_PCLK1_1,Comp_OF_PT47A,-,-,,E12,PT74B,1,GR_PCLK1_1,Comp_OF_PT74A,-,-
E13,PT44B,1,-,Comp_OF_PT44A,-,-,,E13,PT53B,1,-,Comp_OF_PT53A,-,-,,E13,PT80B,1,-,Comp_OF_PT80A,-,-
E14,PT49B,1,-,Comp_OF_PT49A,-,-,,E14,PT58B,1,-,Comp_OF_PT58A,-,-,,E14,PT85B,1,-,Comp_OF_PT85A,-,-
E15,PT53B,1,-,Comp_OF_PT53A,-,-,,E15,PT71B,1,-,Comp_OF_PT71A,-,-,,E15,PT107B,1,-,Comp_OF_PT107A,-,-
E16,PR2C,2,-,True_OF_PR2D,-,RDQ8,,E16,PR11C,2,-,True_OF_PR11D,-,RDQ17,,E16,PR11C,2,-,True_OF_PR11D,-,RDQ17
E17,PR5B,2,-,Comp_OF_PR5A,TRUE,RDQ8,,E17,PR14B,2,-,Comp_OF_PR14A,TRUE,RDQ17,,E17,PR14B,2,-,Comp_OF_PR14A,TRUE,RDQ17
E18,PR5C,2,-,True_OF_PR5D,-,RDQ8,,E18,PR14C,2,-,True_OF_PR14D,-,RDQ17,,E18,PR14C,2,-,True_OF_PR14D,-,RDQ17
E19,PR14D,2,-,Comp_OF_PR14C,-,RDQ20,,E19,PR23D,2,-,Comp_OF_PR23C,-,RDQ29,,E19,PR35D,2,-,Comp_OF_PR35C,-,RDQ41
E20,PR17A,2,-,True_OF_PR17B,TRUE,RDQ20,,E20,PR26A,2,-,True_OF_PR26B,TRUE,RDQ29,,E20,PR38A,2,-,True_OF_PR38B,TRUE,RDQ41
F1,PL26B,6,PCLKC6_1,Comp_OF_PL26A,TRUE,LDQ32,,F1,PL35B,6,PCLKC6_1,Comp_OF_PL35A,TRUE,LDQ41,,F1,PL47B,6,PCLKC6_1,Comp_OF_PL47A,TRUE,LDQ53
F2,PL23C,7,PCLKT7_0,True_OF_PL23D,-,LDQ20,,F2,PL32C,7,PCLKT7_0,True_OF_PL32D,-,LDQ29,,F2,PL44C,7,PCLKT7_0,True_OF_PL44D,-,LDQ41
F3,PL23B,7,PCLKC7_1,Comp_OF_PL23A,TRUE,LDQ20,,F3,PL32B,7,PCLKC7_1,Comp_OF_PL32A,TRUE,LDQ29,,F3,PL44B,7,PCLKC7_1,Comp_OF_PL44A,TRUE,LDQ41
F4,PL11A,7,-,True_OF_PL11B,TRUE,LDQ8,,F4,PL20A,7,-,True_OF_PL20B,TRUE,LDQ17,,F4,PL20A,7,-,True_OF_PL20B,TRUE,LDQ17
F5,PL11D,7,-,Comp_OF_PL11C,-,LDQ8,,F5,PL20D,7,-,Comp_OF_PL20C,-,LDQ17,,F5,PL20D,7,-,Comp_OF_PL20C,-,LDQ17
F6,VCCAUX,-,-,-,-,-,,F6,VCCAUX,-,-,-,-,-,,F6,VCCAUX,-,-,-,-,-
F7,GND,-,-,-,-,-,,F7,GND,-,-,-,-,-,,F7,GND,-,-,-,-,-
F8,GND,-,-,-,-,-,,F8,GND,-,-,-,-,-,,F8,GND,-,-,-,-,-
F9,VCCIO0,0,-,-,-,-,,F9,VCCIO0,0,-,-,-,-,,F9,VCCIO0,0,-,-,-,-
F10,VCCIO0,0,-,-,-,-,,F10,VCCIO0,0,-,-,-,-,,F10,VCCIO0,0,-,-,-,-
F11,VCCIO1,1,-,-,-,-,,F11,VCCIO1,1,-,-,-,-,,F11,VCCIO1,1,-,-,-,-
F12,VCCIO1,1,-,-,-,-,,F12,VCCIO1,1,-,-,-,-,,F12,VCCIO1,1,-,-,-,-
F13,GND,-,-,-,-,-,,F13,GND,-,-,-,-,-,,F13,GND,-,-,-,-,-
F14,GND,-,-,-,-,-,,F14,GND,-,-,-,-,-,,F14,GND,-,-,-,-,-
F15,VCCAUX,-,-,-,-,-,,F15,VCCAUX,-,-,-,-,-,,F15,VCCAUX,-,-,-,-,-
F16,PR2D,2,-,Comp_OF_PR2C,-,RDQ8,,F16,PR11D,2,-,Comp_OF_PR11C,-,RDQ17,,F16,PR11D,2,-,Comp_OF_PR11C,-,RDQ17
F17,PR8A,2,-,True_OF_PR8B,TRUE,RDQS8,,F17,PR17A,2,-,True_OF_PR17B,TRUE,RDQS17,,F17,PR17A,2,-,True_OF_PR17B,TRUE,RDQS17
F18,PR5D,2,-,Comp_OF_PR5C,-,RDQ8,,F18,PR14D,2,-,Comp_OF_PR14C,-,RDQ17,,F18,PR14D,2,-,Comp_OF_PR14C,-,RDQ17
F19,PR17B,2,-,Comp_OF_PR17A,TRUE,RDQ20,,F19,PR26B,2,-,Comp_OF_PR26A,TRUE,RDQ29,,F19,PR38B,2,-,Comp_OF_PR38A,TRUE,RDQ41
F20,PR17C,2,-,True_OF_PR17D,-,RDQ20,,F20,PR26C,2,-,True_OF_PR26D,-,RDQ29,,F20,PR38C,2,-,True_OF_PR38D,-,RDQ41
G1,PL26D,6,PCLKC6_0,Comp_OF_PL26C,-,LDQ32,,G1,PL35D,6,PCLKC6_0,Comp_OF_PL35C,-,LDQ41,,G1,PL47D,6,PCLKC6_0,Comp_OF_PL47C,-,LDQ53
G2,PL26A,6,PCLKT6_1,True_OF_PL26B,TRUE,LDQ32,,G2,PL35A,6,PCLKT6_1,True_OF_PL35B,TRUE,LDQ41,,G2,PL47A,6,PCLKT6_1,True_OF_PL47B,TRUE,LDQ53
G3,PL23A,7,PCLKT7_1,True_OF_PL23B,TRUE,LDQ20,,G3,PL32A,7,PCLKT7_1,True_OF_PL32B,TRUE,LDQ29,,G3,PL44A,7,PCLKT7_1,True_OF_PL44B,TRUE,LDQ41
G4,GND,-,-,-,-,-,,G4,GND,-,-,-,-,-,,G4,GND,-,-,-,-,-
G5,PL20B,7,-,Comp_OF_PL20A,TRUE,LDQSN20,,G5,PL29B,7,-,Comp_OF_PL29A,TRUE,LDQSN29,,G5,PL41B,7,-,Comp_OF_PL41A,TRUE,LDQSN41
G6,GND,-,-,-,-,-,,G6,GND,-,-,-,-,-,,G6,GND,-,-,-,-,-
G7,GND,-,-,-,-,-,,G7,GND,-,-,-,-,-,,G7,GND,-,-,-,-,-
G8,GND,-,-,-,-,-,,G8,GND,-,-,-,-,-,,G8,GND,-,-,-,-,-
G9,GND,-,-,-,-,-,,G9,GND,-,-,-,-,-,,G9,GND,-,-,-,-,-
G10,GND,-,-,-,-,-,,G10,GND,-,-,-,-,-,,G10,GND,-,-,-,-,-
G11,GND,-,-,-,-,-,,G11,GND,-,-,-,-,-,,G11,GND,-,-,-,-,-
G12,GND,-,-,-,-,-,,G12,GND,-,-,-,-,-,,G12,GND,-,-,-,-,-
G13,GND,-,-,-,-,-,,G13,GND,-,-,-,-,-,,G13,GND,-,-,-,-,-
G14,GND,-,-,-,-,-,,G14,GND,-,-,-,-,-,,G14,GND,-,-,-,-,-
G15,GND,-,-,-,-,-,,G15,GND,-,-,-,-,-,,G15,GND,-,-,-,-,-
G16,PR8C,2,-,True_OF_PR8D,-,RDQ8,,G16,PR17C,2,-,True_OF_PR17D,-,RDQ17,,G16,PR17C,2,-,True_OF_PR17D,-,RDQ17
G17,GND,-,-,-,-,-,,G17,GND,-,-,-,-,-,,G17,GND,-,-,-,-,-
G18,PR8B,2,-,Comp_OF_PR8A,TRUE,RDQSN8,,G18,PR17B,2,-,Comp_OF_PR17A,TRUE,RDQSN17,,G18,PR17B,2,-,Comp_OF_PR17A,TRUE,RDQSN17
G19,PR20A,2,GR_PCLK2_1,True_OF_PR20B,TRUE,RDQS20,,G19,PR29A,2,GR_PCLK2_1,True_OF_PR29B,TRUE,RDQS29,,G19,PR41A,2,GR_PCLK2_1,True_OF_PR41B,TRUE,RDQS41
G20,PR17D,2,-,Comp_OF_PR17C,-,RDQ20,,G20,PR26D,2,-,Comp_OF_PR26C,-,RDQ29,,G20,PR38D,2,-,Comp_OF_PR38C,-,RDQ41
H1,PL32C,6,-,True_OF_PL32D,-,LDQ32,,H1,PL41C,6,-,True_OF_PL41D,-,LDQ41,,H1,PL53C,6,-,True_OF_PL53D,-,LDQ53
H2,PL26C,6,PCLKT6_0,True_OF_PL26D,-,LDQ32,,H2,PL35C,6,PCLKT6_0,True_OF_PL35D,-,LDQ41,,H2,PL47C,6,PCLKT6_0,True_OF_PL47D,-,LDQ53
H3,PL20D,7,-,Comp_OF_PL20C,-,LDQ20,,H3,PL29D,7,-,Comp_OF_PL29C,-,LDQ29,,H3,PL41D,7,-,Comp_OF_PL41C,-,LDQ41
H4,PL20A,7,GR_PCLK7_1,True_OF_PL20B,TRUE,LDQS20,,H4,PL29A,7,GR_PCLK7_1,True_OF_PL29B,TRUE,LDQS29,,H4,PL41A,7,GR_PCLK7_1,True_OF_PL41B,TRUE,LDQS41
H5,PL20C,7,GR_PCLK7_0,True_OF_PL20D,-,LDQ20,,H5,PL29C,7,GR_PCLK7_0,True_OF_PL29D,-,LDQ29,,H5,PL41C,7,GR_PCLK7_0,True_OF_PL41D,-,LDQ41
H6,VCCIO7,7,-,-,-,-,,H6,VCCIO7,7,-,-,-,-,,H6,VCCIO7,7,-,-,-,-
H7,VCCIO7,7,-,-,-,-,,H7,VCCIO7,7,-,-,-,-,,H7,VCCIO7,7,-,-,-,-
H8,VCC,-,-,-,-,-,,H8,VCC,-,-,-,-,-,,H8,VCC,-,-,-,-,-
H9,VCC,-,-,-,-,-,,H9,VCC,-,-,-,-,-,,H9,VCC,-,-,-,-,-
H10,VCC,-,-,-,-,-,,H10,VCC,-,-,-,-,-,,H10,VCC,-,-,-,-,-
H11,VCC,-,-,-,-,-,,H11,VCC,-,-,-,-,-,,H11,VCC,-,-,-,-,-
H12,VCC,-,-,-,-,-,,H12,VCC,-,-,-,-,-,,H12,VCC,-,-,-,-,-
H13,VCC,-,-,-,-,-,,H13,VCC,-,-,-,-,-,,H13,VCC,-,-,-,-,-
H14,VCCIO2,2,-,-,-,-,,H14,VCCIO2,2,-,-,-,-,,H14,VCCIO2,2,-,-,-,-
H15,VCCIO2,2,-,-,-,-,,H15,VCCIO2,2,-,-,-,-,,H15,VCCIO2,2,-,-,-,-
H16,PR8D,2,-,Comp_OF_PR8C,-,RDQ8,,H16,PR17D,2,-,Comp_OF_PR17C,-,RDQ17,,H16,PR17D,2,-,Comp_OF_PR17C,-,RDQ17
H17,PR11B,2,-,Comp_OF_PR11A,TRUE,RDQ8,,H17,PR20B,2,-,Comp_OF_PR20A,TRUE,RDQ17,,H17,PR20B,2,-,Comp_OF_PR20A,TRUE,RDQ17
H18,PR11A,2,-,True_OF_PR11B,TRUE,RDQ8,,H18,PR20A,2,-,True_OF_PR20B,TRUE,RDQ17,,H18,PR20A,2,-,True_OF_PR20B,TRUE,RDQ17
H19,GND,-,-,-,-,-,,H19,GND,-,-,-,-,-,,H19,GND,-,-,-,-,-
H20,PR20B,2,-,Comp_OF_PR20A,TRUE,RDQSN20,,H20,PR29B,2,-,Comp_OF_PR29A,TRUE,RDQSN29,,H20,PR41B,2,-,Comp_OF_PR41A,TRUE,RDQSN41
J1,PL32B,6,-,Comp_OF_PL32A,TRUE,LDQSN32,,J1,PL41B,6,-,Comp_OF_PL41A,TRUE,LDQSN41,,J1,PL53B,6,-,Comp_OF_PL53A,TRUE,LDQSN53
J2,GND,-,-,-,-,-,,J2,GND,-,-,-,-,-,,J2,GND,-,-,-,-,-
J3,PL29C,6,GR_PCLK6_1,True_OF_PL29D,-,LDQ32,,J3,PL38C,6,GR_PCLK6_1,True_OF_PL38D,-,LDQ41,,J3,PL50C,6,GR_PCLK6_1,True_OF_PL50D,-,LDQ53
J4,PL29A,6,GR_PCLK6_0,True_OF_PL29B,TRUE,LDQ32,,J4,PL38A,6,GR_PCLK6_0,True_OF_PL38B,TRUE,LDQ41,,J4,PL50A,6,GR_PCLK6_0,True_OF_PL50B,TRUE,LDQ53
J5,PL29B,6,-,Comp_OF_PL29A,TRUE,LDQ32,,J5,PL38B,6,-,Comp_OF_PL38A,TRUE,LDQ41,,J5,PL50B,6,-,Comp_OF_PL50A,TRUE,LDQ53
J6,VCCIO7,7,-,-,-,-,,J6,VCCIO7,7,-,-,-,-,,J6,VCCIO7,7,-,-,-,-
J7,GND,-,-,-,-,-,,J7,GND,-,-,-,-,-,,J7,GND,-,-,-,-,-
J8,VCC,-,-,-,-,-,,J8,VCC,-,-,-,-,-,,J8,VCC,-,-,-,-,-
J9,GND,-,-,-,-,-,,J9,GND,-,-,-,-,-,,J9,GND,-,-,-,-,-
J10,GND,-,-,-,-,-,,J10,GND,-,-,-,-,-,,J10,GND,-,-,-,-,-
J11,GND,-,-,-,-,-,,J11,GND,-,-,-,-,-,,J11,GND,-,-,-,-,-
J12,GND,-,-,-,-,-,,J12,GND,-,-,-,-,-,,J12,GND,-,-,-,-,-
J13,VCC,-,-,-,-,-,,J13,VCC,-,-,-,-,-,,J13,VCC,-,-,-,-,-
J14,GND,-,-,-,-,-,,J14,GND,-,-,-,-,-,,J14,GND,-,-,-,-,-
J15,VCCIO2,2,-,-,-,-,,J15,VCCIO2,2,-,-,-,-,,J15,VCCIO2,2,-,-,-,-
J16,PR11D,2,-,Comp_OF_PR11C,-,RDQ8,,J16,PR20D,2,-,Comp_OF_PR20C,-,RDQ17,,J16,PR20D,2,-,Comp_OF_PR20C,-,RDQ17
J17,PR11C,2,-,True_OF_PR11D,-,RDQ8,,J17,PR20C,2,-,True_OF_PR20D,-,RDQ17,,J17,PR20C,2,-,True_OF_PR20D,-,RDQ17
J18,PR20C,2,GR_PCLK2_0,True_OF_PR20D,-,RDQ20,,J18,PR29C,2,GR_PCLK2_0,True_OF_PR29D,-,RDQ29,,J18,PR41C,2,GR_PCLK2_0,True_OF_PR41D,-,RDQ41
J19,PR23A,2,PCLKT2_1,True_OF_PR23B,TRUE,RDQ20,,J19,PR32A,2,PCLKT2_1,True_OF_PR32B,TRUE,RDQ29,,J19,PR44A,2,PCLKT2_1,True_OF_PR44B,TRUE,RDQ41
J20,PR23C,2,PCLKT2_0,True_OF_PR23D,-,RDQ20,,J20,PR32C,2,PCLKT2_0,True_OF_PR32D,-,RDQ29,,J20,PR44C,2,PCLKT2_0,True_OF_PR44D,-,RDQ41
K1,PL32D,6,-,Comp_OF_PL32C,-,LDQ32,,K1,PL41D,6,-,Comp_OF_PL41C,-,LDQ41,,K1,PL53D,6,-,Comp_OF_PL53C,-,LDQ53
K2,PL32A,6,-,True_OF_PL32B,TRUE,LDQS32,,K2,PL41A,6,-,True_OF_PL41B,TRUE,LDQS41,,K2,PL53A,6,-,True_OF_PL53B,TRUE,LDQS53
K3,PL29D,6,-,Comp_OF_PL29C,-,LDQ32,,K3,PL38D,6,-,Comp_OF_PL38C,-,LDQ41,,K3,PL50D,6,-,Comp_OF_PL50C,-,LDQ53
K4,PL35A,6,-,True_OF_PL35B,TRUE,LDQ32,,K4,PL44A,6,-,True_OF_PL44B,TRUE,LDQ41,,K4,PL56A,6,-,True_OF_PL56B,TRUE,LDQ53
K5,PL35B,6,VREF1_6,Comp_OF_PL35A,TRUE,LDQ32,,K5,PL44B,6,VREF1_6,Comp_OF_PL44A,TRUE,LDQ41,,K5,PL56B,6,VREF1_6,Comp_OF_PL56A,TRUE,LDQ53
K6,GND,-,-,-,-,-,,K6,GND,-,-,-,-,-,,K6,GND,-,-,-,-,-
K7,GND,-,-,-,-,-,,K7,GND,-,-,-,-,-,,K7,GND,-,-,-,-,-
K8,VCC,-,-,-,-,-,,K8,VCC,-,-,-,-,-,,K8,VCC,-,-,-,-,-
K9,GND,-,-,-,-,-,,K9,GND,-,-,-,-,-,,K9,GND,-,-,-,-,-
K10,GND,-,-,-,-,-,,K10,GND,-,-,-,-,-,,K10,GND,-,-,-,-,-
K11,GND,-,-,-,-,-,,K11,GND,-,-,-,-,-,,K11,GND,-,-,-,-,-
K12,GND,-,-,-,-,-,,K12,GND,-,-,-,-,-,,K12,GND,-,-,-,-,-
K13,VCC,-,-,-,-,-,,K13,VCC,-,-,-,-,-,,K13,VCC,-,-,-,-,-
K14,GND,-,-,-,-,-,,K14,GND,-,-,-,-,-,,K14,GND,-,-,-,-,-
K15,GND,-,-,-,-,-,,K15,GND,-,-,-,-,-,,K15,GND,-,-,-,-,-
K16,NC,-,-,-,-,-,,K16,NC,-,-,-,-,-,,K16,PR29A,2,-,True_OF_PR29B,TRUE,RDQS29
K17,NC,-,-,-,-,-,,K17,NC,-,-,-,-,-,,K17,PR29B,2,-,Comp_OF_PR29A,TRUE,RDQSN29
K18,PR20D,2,-,Comp_OF_PR20C,-,RDQ20,,K18,PR29D,2,-,Comp_OF_PR29C,-,RDQ29,,K18,PR41D,2,-,Comp_OF_PR41C,-,RDQ41
K19,PR23B,2,PCLKC2_1,Comp_OF_PR23A,TRUE,RDQ20,,K19,PR32B,2,PCLKC2_1,Comp_OF_PR32A,TRUE,RDQ29,,K19,PR44B,2,PCLKC2_1,Comp_OF_PR44A,TRUE,RDQ41
K20,PR23D,2,PCLKC2_0,Comp_OF_PR23C,-,RDQ20,,K20,PR32D,2,PCLKC2_0,Comp_OF_PR32C,-,RDQ29,,K20,PR44D,2,PCLKC2_0,Comp_OF_PR44C,-,RDQ41
L1,PL44C,6,-,True_OF_PL44D,-,LDQ44,,L1,PL65C,6,-,True_OF_PL65D,-,LDQ65,,L1,PL89C,6,-,True_OF_PL89D,-,LDQ89
L2,PL41D,6,-,Comp_OF_PL41C,-,LDQ44,,L2,PL62D,6,-,Comp_OF_PL62C,-,LDQ65,,L2,PL86D,6,-,Comp_OF_PL86C,-,LDQ89
L3,PL41C,6,-,True_OF_PL41D,-,LDQ44,,L3,PL62C,6,-,True_OF_PL62D,-,LDQ65,,L3,PL86C,6,-,True_OF_PL86D,-,LDQ89
L4,PL35C,6,-,True_OF_PL35D,-,LDQ32,,L4,PL44C,6,-,True_OF_PL44D,-,LDQ41,,L4,PL56C,6,-,True_OF_PL56D,-,LDQ53
L5,PL35D,6,-,Comp_OF_PL35C,-,LDQ32,,L5,PL44D,6,-,Comp_OF_PL44C,-,LDQ41,,L5,PL56D,6,-,Comp_OF_PL56C,-,LDQ53
L6,VCCIO6,6,-,-,-,-,,L6,VCCIO6,6,-,-,-,-,,L6,VCCIO6,6,-,-,-,-
L7,VCCIO6,6,-,-,-,-,,L7,VCCIO6,6,-,-,-,-,,L7,VCCIO6,6,-,-,-,-
L8,VCC,-,-,-,-,-,,L8,VCC,-,-,-,-,-,,L8,VCC,-,-,-,-,-
L9,GND,-,-,-,-,-,,L9,GND,-,-,-,-,-,,L9,GND,-,-,-,-,-
L10,GND,-,-,-,-,-,,L10,GND,-,-,-,-,-,,L10,GND,-,-,-,-,-
L11,GND,-,-,-,-,-,,L11,GND,-,-,-,-,-,,L11,GND,-,-,-,-,-
L12,GND,-,-,-,-,-,,L12,GND,-,-,-,-,-,,L12,GND,-,-,-,-,-
L13,VCC,-,-,-,-,-,,L13,VCC,-,-,-,-,-,,L13,VCC,-,-,-,-,-
L14,VCCIO3,3,-,-,-,-,,L14,VCCIO3,3,-,-,-,-,,L14,VCCIO3,3,-,-,-,-
L15,VCCIO3,3,-,-,-,-,,L15,VCCIO3,3,-,-,-,-,,L15,VCCIO3,3,-,-,-,-
L16,PR29A,3,GR_PCLK3_0,True_OF_PR29B,TRUE,RDQ32,,L16,PR38A,3,GR_PCLK3_0,True_OF_PR38B,TRUE,RDQ41,,L16,PR50A,3,GR_PCLK3_0,True_OF_PR50B,TRUE,RDQ53
L17,PR29B,3,-,Comp_OF_PR29A,TRUE,RDQ32,,L17,PR38B,3,-,Comp_OF_PR38A,TRUE,RDQ41,,L17,PR50B,3,-,Comp_OF_PR50A,TRUE,RDQ53
L18,PR29C,3,GR_PCLK3_1,True_OF_PR29D,-,RDQ32,,L18,PR38C,3,GR_PCLK3_1,True_OF_PR38D,-,RDQ41,,L18,PR50C,3,GR_PCLK3_1,True_OF_PR50D,-,RDQ53
L19,PR26C,3,PCLKT3_0,True_OF_PR26D,-,RDQ32,,L19,PR35C,3,PCLKT3_0,True_OF_PR35D,-,RDQ41,,L19,PR47C,3,PCLKT3_0,True_OF_PR47D,-,RDQ53
L20,PR26A,3,PCLKT3_1,True_OF_PR26B,TRUE,RDQ32,,L20,PR35A,3,PCLKT3_1,True_OF_PR35B,TRUE,RDQ41,,L20,PR47A,3,PCLKT3_1,True_OF_PR47B,TRUE,RDQ53
M1,PL44B,6,-,Comp_OF_PL44A,TRUE,LDQSN44,,M1,PL65B,6,-,Comp_OF_PL65A,TRUE,LDQSN65,,M1,PL89B,6,-,Comp_OF_PL89A,TRUE,LDQSN89
M2,GND,-,-,-,-,-,,M2,GND,-,-,-,-,-,,M2,GND,-,-,-,-,-
M3,PL41B,6,-,Comp_OF_PL41A,TRUE,LDQ44,,M3,PL62B,6,-,Comp_OF_PL62A,TRUE,LDQ65,,M3,PL86B,6,-,Comp_OF_PL86A,TRUE,LDQ89
M4,PL38A,6,-,True_OF_PL38B,TRUE,LDQ44,,M4,PL59A,6,-,True_OF_PL59B,TRUE,LDQ65,,M4,PL83A,6,-,True_OF_PL83B,TRUE,LDQ89
M5,NC,-,-,-,-,-,,M5,PL53A,6,-,True_OF_PL53B,TRUE,LDQS53,,M5,PL77A,6,-,True_OF_PL77B,TRUE,LDQS77
M6,VCCIO6,6,-,-,-,-,,M6,VCCIO6,6,-,-,-,-,,M6,VCCIO6,6,-,-,-,-
M7,GND,-,-,-,-,-,,M7,GND,-,-,-,-,-,,M7,GND,-,-,-,-,-
M8,VCC,-,-,-,-,-,,M8,VCC,-,-,-,-,-,,M8,VCC,-,-,-,-,-
M9,GND,-,-,-,-,-,,M9,GND,-,-,-,-,-,,M9,GND,-,-,-,-,-
M10,GND,-,-,-,-,-,,M10,GND,-,-,-,-,-,,M10,GND,-,-,-,-,-
M11,GND,-,-,-,-,-,,M11,GND,-,-,-,-,-,,M11,GND,-,-,-,-,-
M12,GND,-,-,-,-,-,,M12,GND,-,-,-,-,-,,M12,GND,-,-,-,-,-
M13,VCC,-,-,-,-,-,,M13,VCC,-,-,-,-,-,,M13,VCC,-,-,-,-,-
M14,GND,-,-,-,-,-,,M14,GND,-,-,-,-,-,,M14,GND,-,-,-,-,-
M15,VCCIO3,3,-,-,-,-,,M15,VCCIO3,3,-,-,-,-,,M15,VCCIO3,3,-,-,-,-
M16,GND,-,-,-,-,-,,M16,GND,-,-,-,-,-,,M16,GND,-,-,-,-,-
M17,PR32B,3,-,Comp_OF_PR32A,TRUE,RDQSN32,,M17,PR41B,3,-,Comp_OF_PR41A,TRUE,RDQSN41,,M17,PR53B,3,-,Comp_OF_PR53A,TRUE,RDQSN53
M18,PR29D,3,-,Comp_OF_PR29C,-,RDQ32,,M18,PR38D,3,-,Comp_OF_PR38C,-,RDQ41,,M18,PR50D,3,-,Comp_OF_PR50C,-,RDQ53
M19,PR26D,3,PCLKC3_0,Comp_OF_PR26C,-,RDQ32,,M19,PR35D,3,PCLKC3_0,Comp_OF_PR35C,-,RDQ41,,M19,PR47D,3,PCLKC3_0,Comp_OF_PR47C,-,RDQ53
M20,PR26B,3,PCLKC3_1,Comp_OF_PR26A,TRUE,RDQ32,,M20,PR35B,3,PCLKC3_1,Comp_OF_PR35A,TRUE,RDQ41,,M20,PR47B,3,PCLKC3_1,Comp_OF_PR47A,TRUE,RDQ53
N1,PL44D,6,-,Comp_OF_PL44C,-,LDQ44,,N1,PL65D,6,-,Comp_OF_PL65C,-,LDQ65,,N1,PL89D,6,-,Comp_OF_PL89C,-,LDQ89
N2,PL44A,6,-,True_OF_PL44B,TRUE,LDQS44,,N2,PL65A,6,-,True_OF_PL65B,TRUE,LDQS65,,N2,PL89A,6,-,True_OF_PL89B,TRUE,LDQS89
N3,PL41A,6,-,True_OF_PL41B,TRUE,LDQ44,,N3,PL62A,6,-,True_OF_PL62B,TRUE,LDQ65,,N3,PL86A,6,-,True_OF_PL86B,TRUE,LDQ89
N4,PL38C,6,-,True_OF_PL38D,-,LDQ44,,N4,PL59C,6,-,True_OF_PL59D,-,LDQ65,,N4,PL83C,6,-,True_OF_PL83D,-,LDQ89
N5,PL38B,6,-,Comp_OF_PL38A,TRUE,LDQ44,,N5,PL59B,6,-,Comp_OF_PL59A,TRUE,LDQ65,,N5,PL83B,6,-,Comp_OF_PL83A,TRUE,LDQ89
N6,GND,-,-,-,-,-,,N6,GND,-,-,-,-,-,,N6,GND,-,-,-,-,-
N7,GND,-,-,-,-,-,,N7,GND,-,-,-,-,-,,N7,GND,-,-,-,-,-
N8,VCC,-,-,-,-,-,,N8,VCC,-,-,-,-,-,,N8,VCC,-,-,-,-,-
N9,VCC,-,-,-,-,-,,N9,VCC,-,-,-,-,-,,N9,VCC,-,-,-,-,-
N10,VCC,-,-,-,-,-,,N10,VCC,-,-,-,-,-,,N10,VCC,-,-,-,-,-
N11,VCC,-,-,-,-,-,,N11,VCC,-,-,-,-,-,,N11,VCC,-,-,-,-,-
N12,VCC,-,-,-,-,-,,N12,VCC,-,-,-,-,-,,N12,VCC,-,-,-,-,-
N13,VCC,-,-,-,-,-,,N13,VCC,-,-,-,-,-,,N13,VCC,-,-,-,-,-
N14,GND,-,-,-,-,-,,N14,GND,-,-,-,-,-,,N14,GND,-,-,-,-,-
N15,GND,-,-,-,-,-,,N15,GND,-,-,-,-,-,,N15,GND,-,-,-,-,-
N16,PR32A,3,-,True_OF_PR32B,TRUE,RDQS32,,N16,PR41A,3,-,True_OF_PR41B,TRUE,RDQS41,,N16,PR53A,3,-,True_OF_PR53B,TRUE,RDQS53
N17,PR35A,3,-,True_OF_PR35B,TRUE,RDQ32,,N17,PR44A,3,-,True_OF_PR44B,TRUE,RDQ41,,N17,PR56A,3,-,True_OF_PR56B,TRUE,RDQ53
N18,PR32C,3,-,True_OF_PR32D,-,RDQ32,,N18,PR41C,3,-,True_OF_PR41D,-,RDQ41,,N18,PR53C,3,-,True_OF_PR53D,-,RDQ53
N19,PR38A,3,-,True_OF_PR38B,TRUE,RDQ44,,N19,PR59A,3,-,True_OF_PR59B,TRUE,RDQ65,,N19,PR83A,3,-,True_OF_PR83B,TRUE,RDQ89
N20,PR38B,3,-,Comp_OF_PR38A,TRUE,RDQ44,,N20,PR59B,3,-,Comp_OF_PR59A,TRUE,RDQ65,,N20,PR83B,3,-,Comp_OF_PR83A,TRUE,RDQ89
P1,PL47A,6,-,True_OF_PL47B,TRUE,LDQ44,,P1,PL68A,6,-,True_OF_PL68B,TRUE,LDQ65,,P1,PL92A,6,-,True_OF_PL92B,TRUE,LDQ89
P2,PL47B,6,-,Comp_OF_PL47A,TRUE,LDQ44,,P2,PL68B,6,-,Comp_OF_PL68A,TRUE,LDQ65,,P2,PL92B,6,-,Comp_OF_PL92A,TRUE,LDQ89
P3,PL47C,6,LLC_GPLL0T_IN,True_OF_PL47D,-,LDQ44,,P3,PL68C,6,LLC_GPLL0T_IN,True_OF_PL68D,-,LDQ65,,P3,PL92C,6,LLC_GPLL0T_IN,True_OF_PL92D,-,LDQ89
P4,PL47D,6,LLC_GPLL0C_IN,Comp_OF_PL47C,-,LDQ44,,P4,PL68D,6,LLC_GPLL0C_IN,Comp_OF_PL68C,-,LDQ65,,P4,PL92D,6,LLC_GPLL0C_IN,Comp_OF_PL92C,-,LDQ89
P5,PL38D,6,-,Comp_OF_PL38C,-,LDQ44,,P5,PL59D,6,-,Comp_OF_PL59C,-,LDQ65,,P5,PL83D,6,-,Comp_OF_PL83C,-,LDQ89
P6,VCCAUX,-,-,-,-,-,,P6,VCCAUX,-,-,-,-,-,,P6,VCCAUX,-,-,-,-,-
P7,GND,-,-,-,-,-,,P7,GND,-,-,-,-,-,,P7,GND,-,-,-,-,-
P8,GND,-,-,-,-,-,,P8,GND,-,-,-,-,-,,P8,GND,-,-,-,-,-
P9,VCCIO8,8,-,-,-,-,,P9,VCCIO8,8,-,-,-,-,,P9,VCCIO8,8,-,-,-,-
P10,VCCIO8,8,-,-,-,-,,P10,VCCIO8,8,-,-,-,-,,P10,VCCIO8,8,-,-,-,-
P11,GND,-,-,-,-,-,,P11,GND,-,-,-,-,-,,P11,GND,-,-,-,-,-
P12,GND,-,-,-,-,-,,P12,GND,-,-,-,-,-,,P12,GND,-,-,-,-,-
P13,GND,-,-,-,-,-,,P13,GND,-,-,-,-,-,,P13,GND,-,-,-,-,-
P14,GND,-,-,-,-,-,,P14,GND,-,-,-,-,-,,P14,GND,-,-,-,-,-
P15,VCCAUX,-,-,-,-,-,,P15,VCCAUX,-,-,-,-,-,,P15,VCCAUX,-,-,-,-,-
P16,PR35B,3,VREF1_3,Comp_OF_PR35A,TRUE,RDQ32,,P16,PR44B,3,VREF1_3,Comp_OF_PR44A,TRUE,RDQ41,,P16,PR56B,3,VREF1_3,Comp_OF_PR56A,TRUE,RDQ53
P17,PR32D,3,-,Comp_OF_PR32C,-,RDQ32,,P17,PR41D,3,-,Comp_OF_PR41C,-,RDQ41,,P17,PR53D,3,-,Comp_OF_PR53C,-,RDQ53
P18,PR38D,3,-,Comp_OF_PR38C,-,RDQ44,,P18,PR59D,3,-,Comp_OF_PR59C,-,RDQ65,,P18,PR83D,3,-,Comp_OF_PR83C,-,RDQ89
P19,PR38C,3,-,True_OF_PR38D,-,RDQ44,,P19,PR59C,3,-,True_OF_PR59D,-,RDQ65,,P19,PR83C,3,-,True_OF_PR83D,-,RDQ89
P20,PR41A,3,-,True_OF_PR41B,TRUE,RDQ44,,P20,PR62A,3,-,True_OF_PR62B,TRUE,RDQ65,,P20,PR86A,3,-,True_OF_PR86B,TRUE,RDQ89
R1,PB4A,8,D7/IO7,True_OF_PB4B,-,-,,R1,PB4A,8,D7/IO7,True_OF_PB4B,-,-,,R1,PB4A,8,D7/IO7,True_OF_PB4B,-,-
R2,PB15A,8,HOLDN/DI/BUSY/CSSPIN/CEN,True_OF_PB15B,-,-,,R2,PB15A,8,HOLDN/DI/BUSY/CSSPIN/CEN,True_OF_PB15B,-,-,,R2,PB15A,8,HOLDN/DI/BUSY/CSSPIN/CEN,True_OF_PB15B,-,-
R3,PB15B,8,DOUT/CSON,Comp_OF_PB15A,-,-,,R3,PB15B,8,DOUT/CSON,Comp_OF_PB15A,-,-,,R3,PB15B,8,DOUT/CSON,Comp_OF_PB15A,-,-
R4,CFG_2,8,-,-,-,-,,R4,CFG_2,8,-,-,-,-,,R4,CFG_2,8,-,-,-,-
R5,TDI,40,-,-,-,-,,R5,TDI,40,-,-,-,-,,R5,TDI,40,-,-,-,-
R16,PR35C,3,-,True_OF_PR35D,-,RDQ32,,R16,PR44C,3,-,True_OF_PR44D,-,RDQ41,,R16,PR56C,3,-,True_OF_PR56D,-,RDQ53
R17,PR35D,3,-,Comp_OF_PR35C,-,RDQ32,,R17,PR44D,3,-,Comp_OF_PR44C,-,RDQ41,,R17,PR56D,3,-,Comp_OF_PR56C,-,RDQ53
R18,PR44B,3,-,Comp_OF_PR44A,TRUE,RDQSN44,,R18,PR65B,3,-,Comp_OF_PR65A,TRUE,RDQSN65,,R18,PR89B,3,-,Comp_OF_PR89A,TRUE,RDQSN89
R19,GND,-,-,-,-,-,,R19,GND,-,-,-,-,-,,R19,GND,-,-,-,-,-
R20,PR41B,3,-,Comp_OF_PR41A,TRUE,RDQ44,,R20,PR62B,3,-,Comp_OF_PR62A,TRUE,RDQ65,,R20,PR86B,3,-,Comp_OF_PR86A,TRUE,RDQ89
T1,PB4B,8,D6/IO6,Comp_OF_PB4A,-,-,,T1,PB4B,8,D6/IO6,Comp_OF_PB4A,-,-,,T1,PB4B,8,D6/IO6,Comp_OF_PB4A,-,-
T2,PB13A,8,SN/CSN,True_OF_PB13B,-,-,,T2,PB13A,8,SN/CSN,True_OF_PB13B,-,-,,T2,PB13A,8,SN/CSN,True_OF_PB13B,-,-
T3,PB18A,8,WRITEN,-,-,-,,T3,PB18A,8,WRITEN,-,-,-,,T3,PB18A,8,WRITEN,-,-,-
T4,CFG_1,8,-,-,-,-,,T4,CFG_1,8,-,-,-,-,,T4,CFG_1,8,-,-,-,-
T5,TCK,40,-,-,-,-,,T5,TCK,40,-,-,-,-,,T5,TCK,40,-,-,-,-
T6,VCCA0,-,-,-,-,-,,T6,VCCA0,-,-,-,-,-,,T6,VCCA0,-,-,-,-,-
T7,VCCHTX0_D0CH0,-,-,-,-,-,,T7,VCCHTX0_D0CH0,-,-,-,-,-,,T7,VCCHTX0_D0CH0,-,-,-,-,-
T8,VCCHRX0_D0CH0,-,-,-,-,-,,T8,VCCHRX0_D0CH0,-,-,-,-,-,,T8,VCCHRX0_D0CH0,-,-,-,-,-
T9,VCCHRX1_D0CH1,-,-,-,-,-,,T9,VCCHRX1_D0CH1,-,-,-,-,-,,T9,VCCHRX1_D0CH1,-,-,-,-,-
T10,VCCHTX1_D0CH1,-,-,-,-,-,,T10,VCCHTX1_D0CH1,-,-,-,-,-,,T10,VCCHTX1_D0CH1,-,-,-,-,-
T11,NC,-,-,-,-,-,,T11,VCCHTX0_D1CH0,-,-,-,-,-,,T11,VCCHTX0_D1CH0,-,-,-,-,-
T12,NC,-,-,-,-,-,,T12,VCCHRX0_D1CH0,-,-,-,-,-,,T12,VCCHRX0_D1CH0,-,-,-,-,-
T13,NC,-,-,-,-,-,,T13,VCCHRX1_D1CH1,-,-,-,-,-,,T13,VCCHRX1_D1CH1,-,-,-,-,-
T14,NC,-,-,-,-,-,,T14,VCCHTX1_D1CH1,-,-,-,-,-,,T14,VCCHTX1_D1CH1,-,-,-,-,-
T15,NC,-,-,-,-,-,,T15,VCCA1,-,-,-,-,-,,T15,VCCA1,-,-,-,-,-
T16,NC,-,-,-,-,-,,T16,PR53A,3,-,True_OF_PR53B,TRUE,RDQS53,,T16,PR77A,3,-,True_OF_PR77B,TRUE,RDQS77
T17,PR47D,3,LRC_GPLL0C_IN,Comp_OF_PR47C,-,RDQ44,,T17,PR68D,3,LRC_GPLL0C_IN,Comp_OF_PR68C,-,RDQ65,,T17,PR92D,3,LRC_GPLL0C_IN,Comp_OF_PR92C,-,RDQ89
T18,PR44D,3,-,Comp_OF_PR44C,-,RDQ44,,T18,PR65D,3,-,Comp_OF_PR65C,-,RDQ65,,T18,PR89D,3,-,Comp_OF_PR89C,-,RDQ89
T19,PR44A,3,-,True_OF_PR44B,TRUE,RDQS44,,T19,PR65A,3,-,True_OF_PR65B,TRUE,RDQS65,,T19,PR89A,3,-,True_OF_PR89B,TRUE,RDQS89
T20,PR41C,3,-,True_OF_PR41D,-,RDQ44,,T20,PR62C,3,-,True_OF_PR62D,-,RDQ65,,T20,PR86C,3,-,True_OF_PR86D,-,RDQ89
U1,PB6A,8,D5/MISO2/IO5,True_OF_PB6B,-,-,,U1,PB6A,8,D5/MISO2/IO5,True_OF_PB6B,-,-,,U1,PB6A,8,D5/MISO2/IO5,True_OF_PB6B,-,-
U2,PB13B,8,CS1N,Comp_OF_PB13A,-,-,,U2,PB13B,8,CS1N,Comp_OF_PB13A,-,-,,U2,PB13B,8,CS1N,Comp_OF_PB13A,-,-
U3,CCLK,8,MCLK/SCK,-,-,-,,U3,CCLK,8,MCLK/SCK,-,-,-,,U3,CCLK,8,MCLK/SCK,-,-,-
U4,CFG_0,8,-,-,-,-,,U4,CFG_0,8,-,-,-,-,,U4,CFG_0,8,-,-,-,-
U5,TMS,40,-,-,-,-,,U5,TMS,40,-,-,-,-,,U5,TMS,40,-,-,-,-
U6,VCCA0,-,-,-,-,-,,U6,VCCA0,-,-,-,-,-,,U6,VCCA0,-,-,-,-,-
U7,GND,-,GND,-,-,-,,U7,GND,-,GND,-,-,-,,U7,GND,-,GND,-,-,-
U8,GND,-,GND,-,-,-,,U8,GND,-,GND,-,-,-,,U8,GND,-,GND,-,-,-
U9,GND,-,GND,-,-,-,,U9,GND,-,GND,-,-,-,,U9,GND,-,GND,-,-,-
U10,GND,-,GND,-,-,-,,U10,GND,-,GND,-,-,-,,U10,GND,-,GND,-,-,-
U11,GND,-,GND,-,-,-,,U11,GND,-,GND,-,-,-,,U11,GND,-,GND,-,-,-
U12,GND,-,GND,-,-,-,,U12,GND,-,GND,-,-,-,,U12,GND,-,GND,-,-,-
U13,GND,-,GND,-,-,-,,U13,GND,-,GND,-,-,-,,U13,GND,-,GND,-,-,-
U14,GND,-,GND,-,-,-,,U14,GND,-,GND,-,-,-,,U14,GND,-,GND,-,-,-
U15,NC,-,-,-,-,-,,U15,VCCA1,-,-,-,-,-,,U15,VCCA1,-,-,-,-,-
U16,PR47C,3,LRC_GPLL0T_IN,True_OF_PR47D,-,RDQ44,,U16,PR68C,3,LRC_GPLL0T_IN,True_OF_PR68D,-,RDQ65,,U16,PR92C,3,LRC_GPLL0T_IN,True_OF_PR92D,-,RDQ89
U17,PR47B,3,-,Comp_OF_PR47A,TRUE,RDQ44,,U17,PR68B,3,-,Comp_OF_PR68A,TRUE,RDQ65,,U17,PR92B,3,-,Comp_OF_PR92A,TRUE,RDQ89
U18,PR47A,3,-,True_OF_PR47B,TRUE,RDQ44,,U18,PR68A,3,-,True_OF_PR68B,TRUE,RDQ65,,U18,PR92A,3,-,True_OF_PR92B,TRUE,RDQ89
U19,PR44C,3,-,True_OF_PR44D,-,RDQ44,,U19,PR65C,3,-,True_OF_PR65D,-,RDQ65,,U19,PR89C,3,-,True_OF_PR89D,-,RDQ89
U20,PR41D,3,-,Comp_OF_PR41C,-,RDQ44,,U20,PR62D,3,-,Comp_OF_PR62C,-,RDQ65,,U20,PR86D,3,-,Comp_OF_PR86C,-,RDQ89
V1,PB6B,8,D4/MOSI2/IO4,Comp_OF_PB6A,-,-,,V1,PB6B,8,D4/MOSI2/IO4,Comp_OF_PB6A,-,-,,V1,PB6B,8,D4/MOSI2/IO4,Comp_OF_PB6A,-,-
V2,PB11A,8,D1/MISO/IO1,True_OF_PB11B,-,-,,V2,PB11A,8,D1/MISO/IO1,True_OF_PB11B,-,-,,V2,PB11A,8,D1/MISO/IO1,True_OF_PB11B,-,-
V3,INITN,8,-,-,-,-,,V3,INITN,8,-,-,-,-,,V3,INITN,8,-,-,-,-
V4,TDO,40,-,-,-,-,,V4,TDO,40,-,-,-,-,,V4,TDO,40,-,-,-,-
V5,GND,-,GND,-,-,-,,V5,GND,-,GND,-,-,-,,V5,GND,-,GND,-,-,-
V6,GND,-,GND,-,-,-,,V6,GND,-,GND,-,-,-,,V6,GND,-,GND,-,-,-
V7,GND,-,GND,-,-,-,,V7,GND,-,GND,-,-,-,,V7,GND,-,GND,-,-,-
V8,GND,-,GND,-,-,-,,V8,GND,-,GND,-,-,-,,V8,GND,-,GND,-,-,-
V9,GND,-,GND,-,-,-,,V9,GND,-,GND,-,-,-,,V9,GND,-,GND,-,-,-
V10,VCCAUXA0,-,-,-,-,-,,V10,VCCAUXA0,-,-,-,-,-,,V10,VCCAUXA0,-,-,-,-,-
V11,VCCAUXA0,-,-,-,-,-,,V11,VCCAUXA0,-,-,-,-,-,,V11,VCCAUXA0,-,-,-,-,-
V12,GND,-,GND,-,-,-,,V12,GND,-,GND,-,-,-,,V12,GND,-,GND,-,-,-
V13,GND,-,GND,-,-,-,,V13,GND,-,GND,-,-,-,,V13,GND,-,GND,-,-,-
V14,GND,-,GND,-,-,-,,V14,GND,-,GND,-,-,-,,V14,GND,-,GND,-,-,-
V15,GND,-,GND,-,-,-,,V15,GND,-,GND,-,-,-,,V15,GND,-,GND,-,-,-
V16,GND,-,GND,-,-,-,,V16,GND,-,GND,-,-,-,,V16,GND,-,GND,-,-,-
V17,NC,-,-,-,-,-,,V17,VCCAUXA1,-,-,-,-,-,,V17,VCCAUXA1,-,-,-,-,-
V18,NC,-,-,-,-,-,,V18,VCCAUXA1,-,-,-,-,-,,V18,VCCAUXA1,-,-,-,-,-
V19,GND,-,GND,-,-,-,,V19,GND,-,GND,-,-,-,,V19,GND,-,GND,-,-,-
V20,GND,-,GND,-,-,-,,V20,GND,-,GND,-,-,-,,V20,GND,-,GND,-,-,-
W1,PB9A,8,D3/IO3,True_OF_PB9B,-,-,,W1,PB9A,8,D3/IO3,True_OF_PB9B,-,-,,W1,PB9A,8,D3/IO3,True_OF_PB9B,-,-
W2,PB11B,8,D0/MOSI/IO0,Comp_OF_PB11A,-,-,,W2,PB11B,8,D0/MOSI/IO0,Comp_OF_PB11A,-,-,,W2,PB11B,8,D0/MOSI/IO0,Comp_OF_PB11A,-,-
W3,PROGRAMN,8,-,-,-,-,,W3,PROGRAMN,8,-,-,-,-,,W3,PROGRAMN,8,-,-,-,-
W4,HDTXP0_D0CH0,50,-,True_OF_HDTXN0_D0CH0,-,-,,W4,HDTXP0_D0CH0,50,-,True_OF_HDTXN0_D0CH0,-,-,,W4,HDTXP0_D0CH0,50,-,True_OF_HDTXN0_D0CH0,-,-
W5,HDTXN0_D0CH0,50,-,Comp_OF_HDTXP0_D0CH0,-,-,,W5,HDTXN0_D0CH0,50,-,Comp_OF_HDTXP0_D0CH0,-,-,,W5,HDTXN0_D0CH0,50,-,Comp_OF_HDTXP0_D0CH0,-,-
W6,GND,-,GND,-,-,-,,W6,GND,-,GND,-,-,-,,W6,GND,-,GND,-,-,-
W7,GND,-,GND,-,-,-,,W7,GND,-,GND,-,-,-,,W7,GND,-,GND,-,-,-
W8,HDTXP0_D0CH1,50,-,True_OF_HDTXN0_D0CH1,-,-,,W8,HDTXP0_D0CH1,50,-,True_OF_HDTXN0_D0CH1,-,-,,W8,HDTXP0_D0CH1,50,-,True_OF_HDTXN0_D0CH1,-,-
W9,HDTXN0_D0CH1,50,-,Comp_OF_HDTXP0_D0CH1,-,-,,W9,HDTXN0_D0CH1,50,-,Comp_OF_HDTXP0_D0CH1,-,-,,W9,HDTXN0_D0CH1,50,-,Comp_OF_HDTXP0_D0CH1,-,-
W10,RESERVED,-,-,True_OF_ATSTN_D0,-,-,,W10,RESERVED,-,-,True_OF_ATSTN_D0,-,-,,W10,RESERVED,-,-,True_OF_ATSTN_D0,-,-
W11,RESERVED,-,-,Comp_OF_ATSTP_D0,-,-,,W11,RESERVED,-,-,Comp_OF_ATSTP_D0,-,-,,W11,RESERVED,-,-,Comp_OF_ATSTP_D0,-,-
W12,GND,-,GND,-,-,-,,W12,GND,-,GND,-,-,-,,W12,GND,-,GND,-,-,-
W13,NC,-,-,-,-,-,,W13,HDTXP0_D1CH0,51,-,True_OF_HDTXN0_D1CH0,-,-,,W13,HDTXP0_D1CH0,51,-,True_OF_HDTXN0_D1CH0,-,-
W14,NC,-,-,-,-,-,,W14,HDTXN0_D1CH0,51,-,Comp_OF_HDTXP0_D1CH0,-,-,,W14,HDTXN0_D1CH0,51,-,Comp_OF_HDTXP0_D1CH0,-,-
W15,GND,-,GND,-,-,-,,W15,GND,-,GND,-,-,-,,W15,GND,-,GND,-,-,-
W16,GND,-,GND,-,-,-,,W16,GND,-,GND,-,-,-,,W16,GND,-,GND,-,-,-
W17,NC,-,-,-,-,-,,W17,HDTXP0_D1CH1,51,-,True_OF_HDTXN0_D1CH1,-,-,,W17,HDTXP0_D1CH1,51,-,True_OF_HDTXN0_D1CH1,-,-
W18,NC,-,-,-,-,-,,W18,HDTXN0_D1CH1,51,-,Comp_OF_HDTXP0_D1CH1,-,-,,W18,HDTXN0_D1CH1,51,-,Comp_OF_HDTXP0_D1CH1,-,-
W19,GND,-,GND,-,-,-,,W19,GND,-,GND,-,-,-,,W19,GND,-,GND,-,-,-
W20,NC,-,-,-,-,-,,W20,REFCLKN_D1,51,-,Comp_OF_REFCLKP_D1,-,-,,W20,REFCLKN_D1,51,-,Comp_OF_REFCLKP_D1,-,-
Y2,PB9B,8,D2/IO2,Comp_OF_PB9A,-,-,,Y2,PB9B,8,D2/IO2,Comp_OF_PB9A,-,-,,Y2,PB9B,8,D2/IO2,Comp_OF_PB9A,-,-
Y3,DONE,8,-,-,-,-,,Y3,DONE,8,-,-,-,-,,Y3,DONE,8,-,-,-,-
Y5,HDRXP0_D0CH0,50,-,True_OF_HDRXN0_D0CH0,-,-,,Y5,HDRXP0_D0CH0,50,-,True_OF_HDRXN0_D0CH0,-,-,,Y5,HDRXP0_D0CH0,50,-,True_OF_HDRXN0_D0CH0,-,-
Y6,HDRXN0_D0CH0,50,-,Comp_OF_HDRXP0_D0CH0,-,-,,Y6,HDRXN0_D0CH0,50,-,Comp_OF_HDRXP0_D0CH0,-,-,,Y6,HDRXN0_D0CH0,50,-,Comp_OF_HDRXP0_D0CH0,-,-
Y7,HDRXP0_D0CH1,50,-,True_OF_HDRXN0_D0CH1,-,-,,Y7,HDRXP0_D0CH1,50,-,True_OF_HDRXN0_D0CH1,-,-,,Y7,HDRXP0_D0CH1,50,-,True_OF_HDRXN0_D0CH1,-,-
Y8,HDRXN0_D0CH1,50,-,Comp_OF_HDRXP0_D0CH1,-,-,,Y8,HDRXN0_D0CH1,50,-,Comp_OF_HDRXP0_D0CH1,-,-,,Y8,HDRXN0_D0CH1,50,-,Comp_OF_HDRXP0_D0CH1,-,-
Y11,REFCLKP_D0,50,-,True_OF_REFCLKN_D0,-,-,,Y11,REFCLKP_D0,50,-,True_OF_REFCLKN_D0,-,-,,Y11,REFCLKP_D0,50,-,True_OF_REFCLKN_D0,-,-
Y12,REFCLKN_D0,50,-,Comp_OF_REFCLKP_D0,-,-,,Y12,REFCLKN_D0,50,-,Comp_OF_REFCLKP_D0,-,-,,Y12,REFCLKN_D0,50,-,Comp_OF_REFCLKP_D0,-,-
Y14,NC,-,-,-,-,-,,Y14,HDRXP0_D1CH0,51,-,True_OF_HDRXN0_D1CH0,-,-,,Y14,HDRXP0_D1CH0,51,-,True_OF_HDRXN0_D1CH0,-,-
Y15,NC,-,-,-,-,-,,Y15,HDRXN0_D1CH0,51,-,Comp_OF_HDRXP0_D1CH0,-,-,,Y15,HDRXN0_D1CH0,51,-,Comp_OF_HDRXP0_D1CH0,-,-
Y16,NC,-,-,-,-,-,,Y16,HDRXP0_D1CH1,51,-,True_OF_HDRXN0_D1CH1,-,-,,Y16,HDRXP0_D1CH1,51,-,True_OF_HDRXN0_D1CH1,-,-
Y17,NC,-,-,-,-,-,,Y17,HDRXN0_D1CH1,51,-,Comp_OF_HDRXP0_D1CH1,-,-,,Y17,HDRXN0_D1CH1,51,-,Comp_OF_HDRXP0_D1CH1,-,-
Y19,NC,-,-,-,-,-,,Y19,REFCLKP_D1,51,-,True_OF_REFCLKN_D1,-,-,,Y19,REFCLKP_D1,51,-,True_OF_REFCLKN_D1,-,-
